,ROI number, volume, center of mass,Dosenbach,AAL,Eickhoff-Zilles,Talairach-Tournoux,Harvard-Oxford
0,1,162, (-39.6;-85.4;1.4),"[""None"": 0.91]",Occipital_Mid_L,"[""Left Middle Occipital Gyrus"": 0.70][""Left Inferior Occipital Gyrus"": 0.22]","[""Left Middle Occipital Gyrus"": 0.69][""Left Inferior Occipital Gyrus"": 0.31]","[""Left Lateral Occipital Cortex; inferior division"": 0.87]"
1,2,269, (-49.7;-60.8;23.2),"[""None"": 0.94]",Angular_L,"[""Left Middle Temporal Gyrus"": 0.69][""Left Angular Gyrus"": 0.22]","[""Left Middle Temporal Gyrus"": 0.57][""Left Superior Temporal Gyrus"": 0.32]","[""Left Angular Gyrus"": 0.46][""Left Lateral Occipital Cortex; superior division"": 0.39]"
2,3,284, (13.3;-64.4;24.0),"[""None"": 0.93]",Precuneus_R,"[""Right Calcarine Gyrus"": 0.38][""Right Precuneus"": 0.32][""Right Cuneus"": 0.24]","[""Right Precuneus"": 0.56][""Right Posterior Cingulate"": 0.27][""Right Cuneus"": 0.13]","[""Right Precuneous Cortex"": 0.65][""Right Cuneal Cortex"": 0.18]"
3,4,243, (-36.6;-13.9;-2.3),"[""None"": 0.92]",Temporal_Sup_L,"[""Left Superior Temporal Gyrus"": 0.39][""Left Insula Lobe"": 0.23][""Left Putamen"": 0.20]","[""Left Insula"": 0.29][""Left Lentiform Nucleus"": 0.23][""Left Superior Temporal Gyrus"": 0.13][""Left Claustrum"": 0.12][""None"": 0.11]","[""Left Putamen"": 0.33][""Left Insular Cortex"": 0.30][""Left Planum Polare"": 0.21][""Left Heschl's Gyrus (includes H1 and H2)"": 0.11]"
4,5,222, (-6.8;45.7;7.8),"[""None"": 0.86]",Cingulum_Ant_L,"[""Left Anterior Cingulate Cortex"": 0.59][""Left Superior Medial Gyrus"": 0.22][""Left Mid Orbital Gyrus"": 0.18]","[""Left Medial Frontal Gyrus"": 0.59][""Left Anterior Cingulate"": 0.41]","[""Left Paracingulate Gyrus"": 0.62][""Left Cingulate Gyrus; anterior division"": 0.20]"
5,6,267, (9.1;-35.9;47.1),"[""None"": 0.93]",Cingulum_Mid_R,"[""Right Middle Cingulate Cortex"": 0.55][""Right Precuneus"": 0.33]","[""Right Paracentral Lobule"": 0.40][""Right Cingulate Gyrus"": 0.34][""Right Precuneus"": 0.25]","[""Right Cingulate Gyrus; posterior division"": 0.39][""Right Precuneous Cortex"": 0.36][""Right Precentral Gyrus"": 0.19]"
6,7,247, (55.2;-47.5;41.9),"[""None"": 0.90]",Parietal_Inf_R,"[""Right SupraMarginal Gyrus"": 0.38][""Right Inferior Parietal Lobule "": 0.34][""Right Angular Gyrus"": 0.28]","[""Right Inferior Parietal Lobule"": 0.55][""Right Supramarginal Gyrus"": 0.40]","[""Right Angular Gyrus"": 0.55][""Right Supramarginal Gyrus; posterior division"": 0.45]"
7,8,235, (-40.7;-21.3;54.3),"[""None"": 0.73]",Postcentral_L,"[""Left Postcentral Gyrus"": 0.75][""Left Precentral Gyrus"": 0.21]","[""Left Postcentral Gyrus"": 0.57][""Left Precentral Gyrus"": 0.43]","[""Left Postcentral Gyrus"": 0.57][""Left Precentral Gyrus"": 0.43]"
8,9,235, (-19.3;-62.1;-26.1),"[""None"": 0.79]",Cerebelum_6_L,"[""Left Cerebellum"": 0.63][""Left Cerebellum"": 0.24][""Left Cerebellum"": 0.11]","[""Left Uvula"": 0.21][""Left Cerebellar Tonsil"": 0.19][""Left Culmen"": 0.17][""Left Pyramis"": 0.12][""Left Inferior Semi-Lunar Lobule"": 0.11]","[""None"": 1.00]"
9,10,204, (43.3;-55.2;-32.2),"[""None"": 0.98]",Cerebelum_Crus1_R,"[""Right Cerebellum"": 0.63][""Right Cerebellum"": 0.26]","[""Right Cerebellar Tonsil"": 0.63][""Right Tuber"": 0.17]","[""None"": 0.91]"
10,11,287, (-58.9;-30.2;-2.4),"[""None"": 0.97]",Temporal_Mid_L,"[""Left Middle Temporal Gyrus"": 0.99]","[""Left Middle Temporal Gyrus"": 0.84][""Left Superior Temporal Gyrus"": 0.15]","[""Left Middle Temporal Gyrus; posterior division"": 0.53][""Left Superior Temporal Gyrus; posterior division"": 0.45]"
11,12,154, (27.7;58.2;-1.6),"[""None"": 1.00]",Frontal_Sup_R,"[""Right Middle Orbital Gyrus"": 0.44][""Right Superior Orbital Gyrus"": 0.34][""Right Superior Frontal Gyrus"": 0.13]","[""Right Superior Frontal Gyrus"": 0.74][""Right Middle Frontal Gyrus"": 0.23]","[""Right Frontal Pole"": 1.00]"
12,13,239, (2.8;12.4;49.4),"[""None"": 0.86]",Supp_Motor_Area_L,"[""Right SMA"": 0.37][""Left SMA"": 0.35][""Right Middle Cingulate Cortex"": 0.22]","[""Right Superior Frontal Gyrus"": 0.39][""Left Superior Frontal Gyrus"": 0.20][""Right Cingulate Gyrus"": 0.16][""Right Medial Frontal Gyrus"": 0.15]","[""Right Paracingulate Gyrus"": 0.41][""Left Paracingulate Gyrus"": 0.15][""Right Juxtapositional Lobule Cortex (formerly Supplementary Motor Cortex)"": 0.13][""Right Superior Frontal Gyrus"": 0.11]"
13,14,289, (53.8;-55.4;23.5),"[""None"": 0.96]",Angular_R,"[""Right Middle Temporal Gyrus"": 0.62][""Right Angular Gyrus"": 0.18][""Right Superior Temporal Gyrus"": 0.15]","[""Right Superior Temporal Gyrus"": 0.38][""Right Middle Temporal Gyrus"": 0.27][""Right Supramarginal Gyrus"": 0.27]","[""Right Angular Gyrus"": 0.60][""Right Lateral Occipital Cortex; superior division"": 0.28]"
14,15,173, (13.5;12.3;-7.0),"[""None"": 1.00]",Caudate_R,"[""Right Olfactory cortex"": 0.40][""Right Rectal Gyrus"": 0.23][""Right Caudate Nucleus"": 0.22][""Right Putamen"": 0.13]","[""Right Subcallosal Gyrus"": 0.42][""Right Lentiform Nucleus"": 0.20][""Right Caudate"": 0.19]","[""Right Putamen"": 0.34][""Right Accumbens"": 0.21][""Right Subcallosal Cortex"": 0.17][""Right Caudate"": 0.14][""Right Frontal Orbital Cortex"": 0.12]"
15,16,261, (-49.1;-65.4;-4.3),"[""None"": 0.93]",Temporal_Mid_L,"[""Left Inferior Occipital Gyrus"": 0.31][""Left Inferior Temporal Gyrus"": 0.26][""Left Middle Temporal Gyrus"": 0.25][""None"": 0.11]","[""Left Middle Occipital Gyrus"": 0.31][""Left Fusiform Gyrus"": 0.25][""Left Inferior Temporal Gyrus"": 0.23][""Left Middle Temporal Gyrus"": 0.15]","[""Left Lateral Occipital Cortex; inferior division"": 0.72][""Left Inferior Temporal Gyrus; temporooccipital part"": 0.15]"
16,17,240, (46.0;9.1;32.1),"[""None"": 0.90]",Frontal_Inf_Oper_R,"[""Right Inferior Frontal Gyrus (p. Opercularis)"": 0.61][""RightPrecentral Gyrus"": 0.19][""Right Inferior Frontal Gyrus (p. Triangularis)"": 0.17]","[""Right Middle Frontal Gyrus"": 0.45][""Right Inferior Frontal Gyrus"": 0.42][""Right Precentral Gyrus"": 0.13]","[""Right Precentral Gyrus"": 0.51][""Right Middle Frontal Gyrus"": 0.28][""Right Inferior Frontal Gyrus; pars opercularis"": 0.20]"
17,18,212, (11.6;-20.0;9.5),"[""None"": 0.85]",Thalamus_R,"[""Right Thalamus"": 0.98]","[""Right Thalamus"": 1.00]","[""Right Thalamus"": 1.00]"
18,19,291, (-9.9;-67.4;22.4),"[""None"": 0.93]",Calcarine_L,"[""Left Calcarine Gyrus"": 0.43][""Left Cuneus"": 0.33][""Left Superior Occipital Gyrus"": 0.15]","[""Left Precuneus"": 0.42][""Left Cuneus"": 0.26][""Left Posterior Cingulate"": 0.25]","[""Left Precuneous Cortex"": 0.55][""Left Intracalcarine Cortex"": 0.18][""Left Cuneal Cortex"": 0.16]"
19,20,191, (-32.7;19.7;2.0),"[""None"": 0.90]",Insula_L,"[""Left Insula Lobe"": 0.58][""Left Inferior Frontal Gyrus (p. Triangularis)"": 0.20][""Left Inferior Frontal Gyrus (p. Orbitalis)"": 0.20]","[""Left Insula"": 0.47][""Left Inferior Frontal Gyrus"": 0.45]","[""Left Insular Cortex"": 0.45][""Left Frontal Operculum Cortex"": 0.29][""Left Frontal Orbital Cortex"": 0.22]"
20,21,215, (-8.8;-38.0;69.3),"[""None"": 1.00]",Paracentral_Lobule_L,"[""Left Precuneus"": 0.54][""Left Paracentral Lobule"": 0.33]","[""None"": 0.44][""Left Paracentral Lobule"": 0.26][""Left Postcentral Gyrus"": 0.26]","[""Left Postcentral Gyrus"": 0.70][""Left Precentral Gyrus"": 0.22]"
21,22,213, (6.7;42.6;6.1),"[""None"": 0.89]",Cingulum_Ant_R,"[""Right Anterior Cingulate Cortex"": 0.52][""Right Mid Orbital Gyrus"": 0.28]","[""Right Anterior Cingulate"": 0.54][""Right Medial Frontal Gyrus"": 0.36][""Left Anterior Cingulate"": 0.11]","[""Right Cingulate Gyrus; anterior division"": 0.52][""Right Paracingulate Gyrus"": 0.46]"
22,23,200, (-42.1;41.2;13.3),"[""None"": 0.98]",Frontal_Inf_Tri_L,"[""Left Inferior Frontal Gyrus (p. Triangularis)"": 0.61][""Left Middle Frontal Gyrus"": 0.34]","[""Left Middle Frontal Gyrus"": 0.59][""Left Inferior Frontal Gyrus"": 0.40]","[""Left Frontal Pole"": 0.83][""Left Inferior Frontal Gyrus; pars triangularis"": 0.15]"
23,24,191, (-58.1;-26.9;16.0),"[""None"": 0.84]",Temporal_Sup_L,"[""Left Superior Temporal Gyrus"": 0.62][""Left SupraMarginal Gyrus"": 0.14][""Left Postcentral Gyrus"": 0.12][""Left Middle Temporal Gyrus"": 0.12]","[""Left Superior Temporal Gyrus"": 0.56][""Left Postcentral Gyrus"": 0.24]","[""Left Planum Temporale"": 0.35][""Left Parietal Operculum Cortex"": 0.20][""Left Central Opercular Cortex"": 0.16][""Left Superior Temporal Gyrus; posterior division"": 0.14]"
24,25,207, (44.5;40.7;14.5),"[""None"": 0.91]",Frontal_Mid_R,"[""Right Middle Frontal Gyrus"": 0.61][""Right Inferior Frontal Gyrus (p. Triangularis)"": 0.31]","[""Right Middle Frontal Gyrus"": 0.65][""Right Inferior Frontal Gyrus"": 0.35]","[""Right Frontal Pole"": 0.88]"
25,26,240, (43.2;-73.6;-10.9),"[""None"": 0.99]",Occipital_Inf_R,"[""Right Inferior Occipital Gyrus"": 0.53][""Right Cerebellum"": 0.21][""Right Fusiform Gyrus"": 0.17]","[""Right Fusiform Gyrus"": 0.29][""Right Middle Occipital Gyrus"": 0.25][""Right Declive"": 0.24][""Right Inferior Occipital Gyrus"": 0.12]","[""Right Lateral Occipital Cortex; inferior division"": 0.71][""Right Occipital Fusiform Gyrus"": 0.20]"
26,27,153, (-30.5;-5.1;-32.6),"[""None"": 1.00]",Fusiform_L,"[""Left Inferior Temporal Gyrus"": 0.39][""Left Fusiform Gyrus"": 0.27]","[""Left Uncus"": 0.50][""Left Inferior Temporal Gyrus"": 0.28]","[""Left Temporal Fusiform Cortex; anterior division"": 0.35][""Left Parahippocampal Gyrus; anterior division"": 0.27][""Left Amygdala"": 0.13]"
27,28,240, (30.4;-33.7;63.4),"[""None"": 0.91]",Postcentral_R,"[""Right Postcentral Gyrus"": 0.80][""RightPrecentral Gyrus"": 0.13]","[""Right Postcentral Gyrus"": 0.69][""Right Precentral Gyrus"": 0.25]","[""Right Postcentral Gyrus"": 0.57][""Right Superior Parietal Lobule"": 0.26][""Right Precentral Gyrus"": 0.17]"
28,29,154, (1.6;-16.5;34.8),"[""None"": 0.97]",Cingulum_Mid_R,"[""Right Middle Cingulate Cortex"": 0.41][""Left Middle Cingulate Cortex"": 0.33][""None"": 0.26]","[""Right Cingulate Gyrus"": 0.50][""Left Cingulate Gyrus"": 0.49]","[""Right Cingulate Gyrus; posterior division"": 0.52][""Right Cingulate Gyrus; anterior division"": 0.22][""Left Cingulate Gyrus; posterior division"": 0.17]"
29,30,194, (2.9;-28.0;-36.0),"[""None"": 1.00]",None,"[""None"": 1.00]","[""None"": 1.00]","[""None"": 1.00]"
30,31,207, (29.7;-54.6;59.7),"[""None"": 1.00]",Parietal_Sup_R,"[""Right Superior Parietal Lobule "": 0.71][""Right Inferior Parietal Lobule "": 0.15][""Right Angular Gyrus"": 0.13]","[""Right Superior Parietal Lobule"": 0.59][""None"": 0.16]","[""Right Superior Parietal Lobule"": 0.71][""Right Lateral Occipital Cortex; superior division"": 0.29]"
31,32,170, (43.5;9.9;-36.2),"[""None"": 1.00]",Temporal_Pole_Mid_R,"[""Right Medial Temporal Pole"": 0.61][""Right Inferior Temporal Gyrus"": 0.26][""None"": 0.12]","[""Right Middle Temporal Gyrus"": 0.44][""None"": 0.31][""Right Superior Temporal Gyrus"": 0.25]","[""Right Temporal Pole"": 0.96]"
32,33,183, (-56.5;-43.3;26.5),"[""None"": 0.89]",SupraMarginal_L,"[""Left Superior Temporal Gyrus"": 0.47][""Left SupraMarginal Gyrus"": 0.45]","[""Left Inferior Parietal Lobule"": 0.40][""Left Supramarginal Gyrus"": 0.35][""Left Superior Temporal Gyrus"": 0.23]","[""Left Supramarginal Gyrus; posterior division"": 0.45][""Left Parietal Operculum Cortex"": 0.23][""Left Supramarginal Gyrus; anterior division"": 0.15]"
33,34,198, (-45.6;8.0;31.7),"[""None"": 0.92]",Precentral_L,"[""Left Precentral Gyrus"": 0.39][""Left Inferior Frontal Gyrus (p. Opercularis)"": 0.32][""Left Inferior Frontal Gyrus (p. Triangularis)"": 0.21]","[""Left Inferior Frontal Gyrus"": 0.47][""Left Middle Frontal Gyrus"": 0.38][""Left Precentral Gyrus"": 0.15]","[""Left Precentral Gyrus"": 0.42][""Left Middle Frontal Gyrus"": 0.29][""Left Inferior Frontal Gyrus; pars opercularis"": 0.27]"
34,35,193, (41.0;-4.7;10.8),"[""None"": 0.84]",Insula_R,"[""Right Insula Lobe"": 0.64][""Right Rolandic Operculum"": 0.17][""Right Putamen"": 0.11]","[""Right Insula"": 0.76]","[""Right Insular Cortex"": 0.52][""Right Central Opercular Cortex"": 0.41]"
35,36,163, (-40.1;-52.6;-33.2),"[""None"": 0.88][""inf cerebellum"": 0.11]",Cerebelum_Crus1_L,"[""Left Cerebellum"": 0.80][""Left Cerebellum"": 0.11]","[""Left Cerebellar Tonsil"": 0.83][""Left Culmen"": 0.12]","[""None"": 0.91]"
36,37,234, (-13.4;-32.3;0.8),"[""None"": 0.91]",Thalamus_L,"[""Left Thalamus"": 0.29][""Left Hippocampus"": 0.26][""Left Lingual Gyrus"": 0.22][""Left ParaHippocampal Gyrus"": 0.11]","[""Left Thalamus"": 0.41][""Left Parahippocampal Gyrus"": 0.39][""None"": 0.11]","[""Left Thalamus"": 0.59][""Left Hippocampus"": 0.22]"
37,38,235, (42.4;23.8;37.6),"[""None"": 0.83]",Frontal_Mid_R,"[""Right Middle Frontal Gyrus"": 0.68][""Right Inferior Frontal Gyrus (p. Triangularis)"": 0.17][""Right Inferior Frontal Gyrus (p. Opercularis)"": 0.15]","[""Right Middle Frontal Gyrus"": 0.83][""Right Precentral Gyrus"": 0.16]","[""Right Middle Frontal Gyrus"": 0.97]"
38,39,193, (62.9;-43.0;-7.8),"[""None"": 1.00]",Temporal_Mid_R,"[""Right Inferior Temporal Gyrus"": 0.65][""Right Middle Temporal Gyrus"": 0.35]","[""Right Middle Temporal Gyrus"": 0.72][""Right Inferior Temporal Gyrus"": 0.26]","[""Right Middle Temporal Gyrus; temporooccipital part"": 0.53][""Right Middle Temporal Gyrus; posterior division"": 0.22][""Right Inferior Temporal Gyrus; temporooccipital part"": 0.22]"
39,40,297, (1.6;33.3;24.3),"[""None"": 0.89]",Cingulum_Ant_R,"[""Right Anterior Cingulate Cortex"": 0.44][""Left Anterior Cingulate Cortex"": 0.40]","[""Left Anterior Cingulate"": 0.31][""Right Anterior Cingulate"": 0.28][""Right Medial Frontal Gyrus"": 0.18][""Left Medial Frontal Gyrus"": 0.12]","[""Right Cingulate Gyrus; anterior division"": 0.35][""Right Paracingulate Gyrus"": 0.31][""Left Paracingulate Gyrus"": 0.18][""Left Cingulate Gyrus; anterior division"": 0.15]"
40,41,177, (30.1;-39.3;-31.6),"[""None"": 1.00]",Cerebelum_6_R,"[""Right Cerebellum"": 0.35][""Right Cerebellum"": 0.26][""Right Cerebellum"": 0.15]","[""Right Cerebellar Tonsil"": 0.67][""Right Culmen"": 0.24]","[""None"": 0.79][""Right Temporal Fusiform Cortex; posterior division"": 0.15]"
41,42,92, (-28.3;50.7;-11.6),"[""None"": 1.00]",Frontal_Mid_Orb_L,"[""Left Middle Orbital Gyrus"": 0.82][""Left Inferior Frontal Gyrus (p. Orbitalis)"": 0.18]","[""Left Superior Frontal Gyrus"": 0.62][""Left Middle Frontal Gyrus"": 0.38]","[""Left Frontal Pole"": 1.00]"
42,43,156, (-38.9;5.7;-39.4),"[""None"": 1.00]",Temporal_Inf_L,"[""Left Inferior Temporal Gyrus"": 0.34][""Left Medial Temporal Pole"": 0.33][""None"": 0.32]","[""Left Middle Temporal Gyrus"": 0.40][""None"": 0.38][""Left Superior Temporal Gyrus"": 0.19]","[""Left Temporal Pole"": 0.82]"
43,44,221, (13.5;-94.4;2.2),"[""None"": 0.91]",Calcarine_R,"[""Right Calcarine Gyrus"": 0.41][""Right Lingual Gyrus"": 0.30][""Left Calcarine Gyrus"": 0.22]","[""Right Lingual Gyrus"": 0.50][""Right Cuneus"": 0.46]","[""Right Occipital Pole"": 0.81][""Right Intracalcarine Cortex"": 0.14]"
44,45,202, (-8.2;-17.9;10.6),"[""None"": 0.93]",Thalamus_L,"[""Left Thalamus"": 0.97]","[""Left Thalamus"": 0.95]","[""Left Thalamus"": 1.00]"
45,46,227, (1.9;-38.2;32.2),"[""None"": 0.84]",Cingulum_Mid_R,"[""Left Posterior Cingulate Cortex"": 0.26][""Right Middle Cingulate Cortex"": 0.24][""Right Posterior Cingulate Cortex"": 0.24][""Left Middle Cingulate Cortex"": 0.14]","[""Right Cingulate Gyrus"": 0.44][""Left Cingulate Gyrus"": 0.26][""Right Posterior Cingulate"": 0.14][""Left Posterior Cingulate"": 0.13]","[""Right Cingulate Gyrus; posterior division"": 0.74][""Left Cingulate Gyrus; posterior division"": 0.25]"
46,47,256, (-13.8;12.6;-2.9),"[""None"": 1.00]",Caudate_L,"[""Left Caudate Nucleus"": 0.38][""Left Putamen"": 0.30][""Left Olfactory cortex"": 0.13]","[""Left Caudate"": 0.33][""Left Lentiform Nucleus"": 0.31][""Left Subcallosal Gyrus"": 0.26]","[""Left Putamen"": 0.37][""Left Caudate"": 0.36][""Left Accumbens"": 0.16]"
47,48,236, (18.5;-34.6;-1.8),"[""None"": 0.99]",Hippocampus_R,"[""Right Lingual Gyrus"": 0.32][""Right ParaHippocampal Gyrus"": 0.25][""Right Hippocampus"": 0.15]","[""Right Parahippocampal Gyrus"": 0.53][""Right Thalamus"": 0.20][""Right Culmen"": 0.19]","[""Right Thalamus"": 0.31][""Right Hippocampus"": 0.29][""Right Parahippocampal Gyrus; posterior division"": 0.16][""Right Lingual Gyrus"": 0.13]"
48,49,222, (61.9;-21.1;-15.6),"[""None"": 0.94]",Temporal_Mid_R,"[""Right Inferior Temporal Gyrus"": 0.53][""Right Middle Temporal Gyrus"": 0.47]","[""Right Inferior Temporal Gyrus"": 0.41][""Right Middle Temporal Gyrus"": 0.41][""Right Fusiform Gyrus"": 0.14]","[""Right Middle Temporal Gyrus; posterior division"": 0.75][""Right Inferior Temporal Gyrus; posterior division"": 0.23]"
49,50,211, (-28.2;-6.3;58.0),"[""None"": 0.91]",Precentral_L,"[""Left Precentral Gyrus"": 0.65][""Left Superior Frontal Gyrus"": 0.23][""Left Middle Frontal Gyrus"": 0.12]","[""Left Middle Frontal Gyrus"": 0.60][""Left Precentral Gyrus"": 0.29]","[""Left Precentral Gyrus"": 0.45][""Left Middle Frontal Gyrus"": 0.30][""Left Superior Frontal Gyrus"": 0.25]"
50,51,222, (-0.1;38.9;-12.2),"[""None"": 0.97]",Frontal_Med_Orb_L,"[""Left Mid Orbital Gyrus"": 0.32][""Left Rectal Gyrus"": 0.23][""Right Mid Orbital Gyrus"": 0.21][""Right Rectal Gyrus"": 0.20]","[""Left Medial Frontal Gyrus"": 0.40][""Right Medial Frontal Gyrus"": 0.28]","[""Right Frontal Medial Cortex"": 0.37][""Left Frontal Medial Cortex"": 0.23][""Left Paracingulate Gyrus"": 0.13]"
51,52,161, (-7.3;-45.4;-39.5),"[""None"": 1.00]",Cerebelum_9_L,"[""Left Cerebellum"": 0.75][""None"": 0.15]","[""Left Cerebellar Tonsil"": 0.52][""None"": 0.48]","[""None"": 1.00]"
52,53,208, (44.6;29.2;-9.5),"[""None"": 0.95]",Frontal_Inf_Orb_R,"[""Right Inferior Frontal Gyrus (p. Orbitalis)"": 0.92]","[""Right Inferior Frontal Gyrus"": 0.72][""Right Middle Frontal Gyrus"": 0.23]","[""Right Frontal Orbital Cortex"": 0.68][""Right Frontal Pole"": 0.25]"
53,54,294, (-5.4;-87.2;25.0),"[""None"": 0.97]",Cuneus_L,"[""Left Cuneus"": 0.56][""Left Superior Occipital Gyrus"": 0.28][""Left Calcarine Gyrus"": 0.13]","[""Left Cuneus"": 0.73][""Right Cuneus"": 0.24]","[""Left Cuneal Cortex"": 0.30][""Right Cuneal Cortex"": 0.25][""Left Occipital Pole"": 0.22][""Left Lateral Occipital Cortex; superior division"": 0.11]"
54,55,247, (0.3;16.3;32.3),"[""None"": 0.83]",Cingulum_Mid_L,"[""Left Anterior Cingulate Cortex"": 0.32][""Left Middle Cingulate Cortex"": 0.24][""Right Middle Cingulate Cortex"": 0.22][""Right Anterior Cingulate Cortex"": 0.20]","[""Left Cingulate Gyrus"": 0.44][""Right Cingulate Gyrus"": 0.29][""Right Anterior Cingulate"": 0.13][""Left Anterior Cingulate"": 0.13]","[""Right Cingulate Gyrus; anterior division"": 0.52][""Left Cingulate Gyrus; anterior division"": 0.27][""Left Paracingulate Gyrus"": 0.13]"
55,56,203, (-51.9;-50.2;42.1),"[""None"": 0.84]",Parietal_Inf_L,"[""Left Inferior Parietal Lobule "": 0.61][""Left SupraMarginal Gyrus"": 0.21][""Left Angular Gyrus"": 0.16]","[""Left Inferior Parietal Lobule"": 0.61][""Left Supramarginal Gyrus"": 0.34]","[""Left Angular Gyrus"": 0.41][""Left Supramarginal Gyrus; posterior division"": 0.38][""Left Supramarginal Gyrus; anterior division"": 0.15]"
56,57,126, (-28.4;31.1;-15.3),"[""None"": 1.00]",Frontal_Inf_Orb_L,"[""Left Inferior Frontal Gyrus (p. Orbitalis)"": 0.60][""Left Middle Orbital Gyrus"": 0.25][""None"": 0.11]","[""Left Inferior Frontal Gyrus"": 0.52][""Left Middle Frontal Gyrus"": 0.37]","[""Left Frontal Orbital Cortex"": 0.87][""Left Frontal Pole"": 0.13]"
57,58,231, (1.5;-52.8;14.8),"[""None"": 0.83]",Precuneus_L,"[""Left Precuneus"": 0.29][""Right Precuneus"": 0.24][""Cerebellar Vermis"": 0.16][""Right Calcarine Gyrus"": 0.11]","[""Right Posterior Cingulate"": 0.43][""Left Posterior Cingulate"": 0.43]","[""Right Precuneous Cortex"": 0.33][""Right Cingulate Gyrus; posterior division"": 0.25][""Left Precuneous Cortex"": 0.19][""Left Cingulate Gyrus; posterior division"": 0.13]"
58,59,240, (36.7;17.2;3.6),"[""None"": 0.92]",Insula_R,"[""Right Insula Lobe"": 0.64][""Right Putamen"": 0.15]","[""Right Insula"": 0.46][""Right Inferior Frontal Gyrus"": 0.40][""Right Claustrum"": 0.14]","[""Right Insular Cortex"": 0.46][""Right Frontal Operculum Cortex"": 0.33]"
59,60,266, (43.3;-19.9;53.7),"[""None"": 0.87]",Precentral_R,"[""Right Postcentral Gyrus"": 0.55][""RightPrecentral Gyrus"": 0.44]","[""Right Postcentral Gyrus"": 0.55][""Right Precentral Gyrus"": 0.45]","[""Right Postcentral Gyrus"": 0.58][""Right Precentral Gyrus"": 0.42]"
60,61,169, (-39.1;20.3;42.2),"[""None"": 0.98]",Frontal_Mid_L,"[""Left Middle Frontal Gyrus"": 0.95]","[""Left Middle Frontal Gyrus"": 0.68][""Left Precentral Gyrus"": 0.20][""Left Superior Frontal Gyrus"": 0.12]","[""Left Middle Frontal Gyrus"": 1.00]"
61,62,237, (34.0;-31.4;-16.4),"[""None"": 0.94]",Fusiform_R,"[""Right Fusiform Gyrus"": 0.57][""Right ParaHippocampal Gyrus"": 0.21][""Right Cerebellum"": 0.12]","[""Right Parahippocampal Gyrus"": 0.47][""Right Culmen"": 0.30][""Right Fusiform Gyrus"": 0.21]","[""Right Temporal Fusiform Cortex; posterior division"": 0.33][""Right Hippocampus"": 0.24][""Right Parahippocampal Gyrus; posterior division"": 0.24][""Right Temporal Occipital Fusiform Cortex"": 0.14]"
62,63,231, (-43.9;-52.7;-18.6),"[""None"": 0.98]",Temporal_Inf_L,"[""Left Inferior Temporal Gyrus"": 0.55][""Left Cerebellum"": 0.21][""Left Fusiform Gyrus"": 0.17]","[""Left Fusiform Gyrus"": 0.31][""Left Tuber"": 0.29][""Left Culmen"": 0.25][""Left Declive"": 0.13]","[""Left Inferior Temporal Gyrus; temporooccipital part"": 0.42][""Left Temporal Occipital Fusiform Cortex"": 0.38][""Left Temporal Fusiform Cortex; posterior division"": 0.14]"
63,64,230, (28.8;-0.3;56.8),"[""None"": 1.00]",Frontal_Sup_R,"[""Right Superior Frontal Gyrus"": 0.39][""Right Middle Frontal Gyrus"": 0.37][""RightPrecentral Gyrus"": 0.23]","[""Right Middle Frontal Gyrus"": 0.80][""Right Superior Frontal Gyrus"": 0.12]","[""Right Superior Frontal Gyrus"": 0.38][""Right Precentral Gyrus"": 0.30][""Right Middle Frontal Gyrus"": 0.28]"
64,65,254, (12.3;-44.8;67.7),"[""None"": 1.00]",Postcentral_R,"[""Right Precuneus"": 0.34][""Right Postcentral Gyrus"": 0.28][""Right Superior Parietal Lobule "": 0.22][""Right Paracentral Lobule"": 0.16]","[""Right Postcentral Gyrus"": 0.37][""None"": 0.33][""Right Paracentral Lobule"": 0.15]","[""Right Postcentral Gyrus"": 0.54][""Right Superior Parietal Lobule"": 0.26][""Right Precuneous Cortex"": 0.20]"
65,66,291, (61.4;-17.4;12.2),"[""None"": 0.93]",Temporal_Sup_R,"[""Right Superior Temporal Gyrus"": 0.69][""Right Rolandic Operculum"": 0.14]","[""Right Superior Temporal Gyrus"": 0.53][""Right Postcentral Gyrus"": 0.26][""Right Transverse Temporal Gyrus"": 0.15]","[""Right Superior Temporal Gyrus; posterior division"": 0.30][""Right Central Opercular Cortex"": 0.29][""Right Planum Temporale"": 0.20][""Right Postcentral Gyrus"": 0.13]"
66,67,230, (-27.8;1.1;3.2),"[""None"": 0.93]",Putamen_L,"[""Left Putamen"": 0.60][""Left Insula Lobe"": 0.33]","[""Left Lentiform Nucleus"": 0.53][""Left Claustrum"": 0.25][""Left Insula"": 0.16]","[""Left Putamen"": 0.65][""Left Insular Cortex"": 0.22]"
67,68,216, (1.6;-20.8;-7.6),"[""None"": 0.95]",None,"[""None"": 0.89]","[""None"": 0.93]","[""None"": 0.74][""Left Thalamus"": 0.13][""Right Thalamus"": 0.13]"
68,69,282, (60.0;-44.5;10.8),"[""None"": 0.97]",Temporal_Mid_R,"[""Right Middle Temporal Gyrus"": 0.79][""Right Superior Temporal Gyrus"": 0.20]","[""Right Superior Temporal Gyrus"": 0.61][""Right Middle Temporal Gyrus"": 0.39]","[""Right Middle Temporal Gyrus; temporooccipital part"": 0.48][""Right Supramarginal Gyrus; posterior division"": 0.37]"
69,70,226, (-11.3;-70.4;5.9),"[""None"": 0.94]",Calcarine_L,"[""Left Lingual Gyrus"": 0.61][""Left Calcarine Gyrus"": 0.38]","[""Left Lingual Gyrus"": 0.58][""Left Cuneus"": 0.30]","[""Left Intracalcarine Cortex"": 0.50][""Left Lingual Gyrus"": 0.44]"
70,71,168, (29.6;24.6;-15.1),"[""None"": 1.00]",Frontal_Inf_Orb_R,"[""Right Inferior Frontal Gyrus (p. Orbitalis)"": 0.57][""Right Insula Lobe"": 0.21]","[""Right Inferior Frontal Gyrus"": 0.77][""Right Middle Frontal Gyrus"": 0.15]","[""Right Frontal Orbital Cortex"": 0.85]"
71,72,222, (-56.4;-15.1;-15.3),"[""None"": 0.94]",Temporal_Mid_L,"[""Left Middle Temporal Gyrus"": 0.75][""Left Inferior Temporal Gyrus"": 0.25]","[""Left Middle Temporal Gyrus"": 0.46][""Left Inferior Temporal Gyrus"": 0.34][""Left Fusiform Gyrus"": 0.19]","[""Left Middle Temporal Gyrus; posterior division"": 0.52][""Left Middle Temporal Gyrus; anterior division"": 0.21][""Left Superior Temporal Gyrus; posterior division"": 0.12][""Left Inferior Temporal Gyrus; posterior division"": 0.12]"
72,73,235, (-43.0;0.8;47.6),"[""None"": 0.90]",Precentral_L,"[""Left Precentral Gyrus"": 0.77][""Left Middle Frontal Gyrus"": 0.20]","[""Left Middle Frontal Gyrus"": 0.51][""Left Precentral Gyrus"": 0.48]","[""Left Precentral Gyrus"": 0.57][""Left Middle Frontal Gyrus"": 0.43]"
73,74,175, (-44.0;33.0;-8.1),"[""None"": 1.00]",Frontal_Inf_Orb_L,"[""Left Inferior Frontal Gyrus (p. Orbitalis)"": 0.89]","[""Left Inferior Frontal Gyrus"": 0.63][""Left Middle Frontal Gyrus"": 0.37]","[""Left Frontal Orbital Cortex"": 0.52][""Left Frontal Pole"": 0.35][""Left Inferior Frontal Gyrus; pars triangularis"": 0.11]"
74,75,172, (31.7;54.8;14.9),"[""None"": 0.89][""aPFC"": 0.11]",Frontal_Mid_R,"[""Right Middle Frontal Gyrus"": 0.54][""Right Superior Frontal Gyrus"": 0.44]","[""Right Middle Frontal Gyrus"": 0.64][""Right Superior Frontal Gyrus"": 0.36]","[""Right Frontal Pole"": 1.00]"
75,76,249, (-7.9;-33.1;45.5),"[""None"": 0.93]",Cingulum_Mid_L,"[""Left Middle Cingulate Cortex"": 0.77][""Left Precuneus"": 0.12]","[""Left Cingulate Gyrus"": 0.43][""Left Paracentral Lobule"": 0.33][""Left Precuneus"": 0.20]","[""Left Cingulate Gyrus; posterior division"": 0.49][""Left Precentral Gyrus"": 0.23][""Left Precuneous Cortex"": 0.18]"
76,77,228, (17.2;-80.1;-28.7),"[""None"": 0.85]",Cerebelum_Crus1_R,"[""Right Cerebellum"": 0.54][""Right Cerebellum"": 0.32]","[""Right Pyramis"": 0.31][""Right Uvula"": 0.30][""Right Inferior Semi-Lunar Lobule"": 0.26]","[""None"": 0.99]"
77,78,153, (-40.6;12.9;-28.2),"[""None"": 1.00]",Temporal_Pole_Mid_L,"[""Left Medial Temporal Pole"": 0.63][""Left Temporal Pole"": 0.30]","[""Left Superior Temporal Gyrus"": 0.76][""Left Middle Temporal Gyrus"": 0.20]","[""Left Temporal Pole"": 0.99]"
78,79,248, (0.0;-0.3;42.2),"[""None"": 0.95]",Cingulum_Mid_L,"[""Left Middle Cingulate Cortex"": 0.48][""Right Middle Cingulate Cortex"": 0.29][""Right SMA"": 0.13]","[""Left Cingulate Gyrus"": 0.43][""Right Cingulate Gyrus"": 0.33][""Right Medial Frontal Gyrus"": 0.15]","[""Right Cingulate Gyrus; anterior division"": 0.40][""Left Cingulate Gyrus; anterior division"": 0.29][""Right Juxtapositional Lobule Cortex (formerly Supplementary Motor Cortex)"": 0.16][""Left Juxtapositional Lobule Cortex (formerly Supplementary Motor Cortex)"": 0.11]"
79,80,256, (-36.7;-71.0;-31.6),"[""None"": 0.94]",Cerebelum_Crus1_L,"[""Left Cerebellum"": 0.57][""Left Cerebellum"": 0.42]","[""Left Inferior Semi-Lunar Lobule"": 0.46][""Left Tuber"": 0.24][""Left Pyramis"": 0.16]","[""None"": 0.99]"
80,81,285, (13.5;-77.4;38.9),"[""None"": 0.88]",Cuneus_R,"[""Right Cuneus"": 0.55][""Right Superior Occipital Gyrus"": 0.15][""Right Precuneus"": 0.15][""Left Cuneus"": 0.11]","[""Right Precuneus"": 0.57][""Right Cuneus"": 0.43]","[""Right Cuneal Cortex"": 0.36][""Right Lateral Occipital Cortex; superior division"": 0.29][""Right Precuneous Cortex"": 0.29]"
81,82,211, (-42.9;-67.0;40.7),"[""None"": 0.84]",Angular_L,"[""Left Angular Gyrus"": 0.78][""Left Middle Occipital Gyrus"": 0.16]","[""Left Angular Gyrus"": 0.34][""Left Inferior Parietal Lobule"": 0.29][""Left Precuneus"": 0.20]","[""Left Lateral Occipital Cortex; superior division"": 0.97]"
82,83,204, (47.8;7.9;-9.3),"[""None"": 1.00]",Insula_R,"[""Right Temporal Pole"": 0.49][""Right Insula Lobe"": 0.34]","[""Right Superior Temporal Gyrus"": 0.60][""Right Insula"": 0.14][""Right Middle Temporal Gyrus"": 0.13][""Right Inferior Frontal Gyrus"": 0.13]","[""Right Temporal Pole"": 0.45][""Right Insular Cortex"": 0.35][""Right Planum Polare"": 0.12]"
83,84,83, (-12.4;5.4;14.0),"[""None"": 0.90]",Caudate_L,"[""Left Caudate Nucleus"": 0.87][""Left Putamen"": 0.13]","[""Left Caudate"": 0.84][""Left Lentiform Nucleus"": 0.11]","[""Left Caudate"": 0.88]"
84,85,213, (46.9;-73.6;15.5),"[""None"": 0.93]",Temporal_Mid_R,"[""Right Middle Occipital Gyrus"": 0.55][""Right Middle Temporal Gyrus"": 0.40]","[""Right Middle Temporal Gyrus"": 0.65][""Right Middle Occipital Gyrus"": 0.34]","[""Right Lateral Occipital Cortex; superior division"": 0.51][""Right Lateral Occipital Cortex; inferior division"": 0.49]"
85,86,185, (9.1;-43.9;-37.1),"[""None"": 1.00]",Cerebelum_9_R,"[""Right Cerebellum"": 0.54][""None"": 0.22][""Cerebellar Vermis"": 0.16]","[""None"": 0.48][""Right Cerebellar Tonsil"": 0.48]","[""None"": 1.00]"
86,87,142, (37.8;-12.8;-26.0),"[""None"": 1.00]",Fusiform_R,"[""Right Fusiform Gyrus"": 0.41][""Right Inferior Temporal Gyrus"": 0.24][""Right ParaHippocampal Gyrus"": 0.23]","[""Right Parahippocampal Gyrus"": 0.37][""Right Inferior Temporal Gyrus"": 0.33][""Right Fusiform Gyrus"": 0.14][""Right Uncus"": 0.13]","[""Right Temporal Fusiform Cortex; posterior division"": 0.38][""Right Hippocampus"": 0.28][""Right Temporal Fusiform Cortex; anterior division"": 0.13]"
87,88,167, (-57.3;-8.6;25.7),"[""None"": 0.88]",Postcentral_L,"[""Left Postcentral Gyrus"": 0.71][""Left Precentral Gyrus"": 0.22]","[""Left Precentral Gyrus"": 0.62][""Left Postcentral Gyrus"": 0.37]","[""Left Postcentral Gyrus"": 0.48][""Left Precentral Gyrus"": 0.44]"
88,89,341, (8.1;-74.0;6.5),"[""None"": 0.93]",Calcarine_R,"[""Right Lingual Gyrus"": 0.40][""Right Calcarine Gyrus"": 0.27][""Left Calcarine Gyrus"": 0.14]","[""Right Lingual Gyrus"": 0.44][""Right Cuneus"": 0.36]","[""Right Lingual Gyrus"": 0.46][""Right Intracalcarine Cortex"": 0.45]"
89,90,210, (-17.0;-16.1;70.0),"[""None"": 1.00]",Precentral_L,"[""Left Precentral Gyrus"": 0.43][""Left Paracentral Lobule"": 0.32][""Left Superior Frontal Gyrus"": 0.11]","[""None"": 0.44][""Left Precentral Gyrus"": 0.33][""Left Superior Frontal Gyrus"": 0.12]","[""Left Precentral Gyrus"": 0.77][""Left Superior Frontal Gyrus"": 0.20]"
90,91,198, (0.3;51.6;26.5),"[""None"": 0.89]",Frontal_Sup_Medial_L,"[""Left Superior Medial Gyrus"": 0.56][""Right Superior Medial Gyrus"": 0.32][""Right Anterior Cingulate Cortex"": 0.12]","[""Right Medial Frontal Gyrus"": 0.30][""Left Superior Frontal Gyrus"": 0.29][""Left Medial Frontal Gyrus"": 0.27][""Right Superior Frontal Gyrus"": 0.14]","[""Right Superior Frontal Gyrus"": 0.25][""Right Paracingulate Gyrus"": 0.25][""Left Superior Frontal Gyrus"": 0.17][""Left Paracingulate Gyrus"": 0.14][""Right Frontal Pole"": 0.13]"
91,92,220, (-18.7;-7.4;-15.9),"[""None"": 1.00]",Hippocampus_L,"[""Left Amygdala"": 0.35][""Left ParaHippocampal Gyrus"": 0.26][""Left Hippocampus"": 0.25]","[""Left Parahippocampal Gyrus"": 0.64][""Left Uncus"": 0.19]","[""Left Amygdala"": 0.50][""Left Hippocampus"": 0.23][""Left Parahippocampal Gyrus; anterior division"": 0.13]"
92,93,296, (40.6;-43.2;48.2),"[""None"": 0.95]",Parietal_Inf_R,"[""Right Inferior Parietal Lobule "": 0.60][""Right SupraMarginal Gyrus"": 0.15][""Right Angular Gyrus"": 0.13]","[""Right Inferior Parietal Lobule"": 0.71][""Right Postcentral Gyrus"": 0.12]","[""Right Superior Parietal Lobule"": 0.33][""Right Supramarginal Gyrus; posterior division"": 0.27][""Right Angular Gyrus"": 0.22][""Right Postcentral Gyrus"": 0.14]"
93,94,87, (14.2;-0.5;17.5),"[""None"": 1.00]",Caudate_R,"[""Right Caudate Nucleus"": 0.77][""Right Thalamus"": 0.16]","[""Right Caudate"": 0.68][""Right Thalamus"": 0.23]","[""Right Caudate"": 0.71][""Right Thalamus"": 0.26]"
94,95,265, (-26.0;11.7;56.2),"[""None"": 1.00]",Frontal_Mid_L,"[""Left Middle Frontal Gyrus"": 0.76][""Left Superior Frontal Gyrus"": 0.23]","[""Left Middle Frontal Gyrus"": 0.54][""Left Superior Frontal Gyrus"": 0.39]","[""Left Superior Frontal Gyrus"": 0.50][""Left Middle Frontal Gyrus"": 0.50]"
95,96,221, (-28.8;-35.9;62.4),"[""None"": 0.91]",Postcentral_L,"[""Left Postcentral Gyrus"": 0.67][""Left Superior Parietal Lobule "": 0.14][""Left Precentral Gyrus"": 0.13]","[""Left Postcentral Gyrus"": 0.68][""Left Precentral Gyrus"": 0.14]","[""Left Postcentral Gyrus"": 0.63][""Left Superior Parietal Lobule"": 0.26][""Left Precentral Gyrus"": 0.11]"
96,97,239, (-33.6;-81.3;26.2),"[""None"": 0.86]",Occipital_Mid_L,"[""Left Middle Occipital Gyrus"": 0.90]","[""Left Superior Occipital Gyrus"": 0.33][""Left Middle Temporal Gyrus"": 0.26][""Left Cuneus"": 0.22][""Left Middle Occipital Gyrus"": 0.15]","[""Left Lateral Occipital Cortex; superior division"": 0.98]"
97,98,216, (60.1;-1.3;25.0),"[""None"": 0.81]",Postcentral_R,"[""Right Postcentral Gyrus"": 0.44][""Right Rolandic Operculum"": 0.26][""RightPrecentral Gyrus"": 0.25]","[""Right Precentral Gyrus"": 0.75][""Right Inferior Frontal Gyrus"": 0.19]","[""Right Precentral Gyrus"": 0.66][""Right Postcentral Gyrus"": 0.27]"
98,99,188, (-58.0;-48.3;-8.1),"[""None"": 0.94]",Temporal_Mid_L,"[""Left Middle Temporal Gyrus"": 0.53][""Left Inferior Temporal Gyrus"": 0.47]","[""Left Middle Temporal Gyrus"": 0.56][""Left Inferior Temporal Gyrus"": 0.37]","[""Left Middle Temporal Gyrus; temporooccipital part"": 0.41][""Left Inferior Temporal Gyrus; temporooccipital part"": 0.28][""Left Middle Temporal Gyrus; posterior division"": 0.26]"
99,100,282, (48.0;-52.7;-16.7),"[""None"": 0.99]",Temporal_Inf_R,"[""Right Inferior Temporal Gyrus"": 0.54][""Right Fusiform Gyrus"": 0.19][""Right Cerebellum"": 0.18]","[""Right Fusiform Gyrus"": 0.35][""Right Tuber"": 0.18][""Right Culmen"": 0.18][""Right Declive"": 0.11]","[""Right Inferior Temporal Gyrus; temporooccipital part"": 0.51][""Right Temporal Occipital Fusiform Cortex"": 0.39]"
100,101,157, (-51.0;-3.6;-28.8),"[""None"": 1.00]",Temporal_Inf_L,"[""Left Inferior Temporal Gyrus"": 0.48][""Left Middle Temporal Gyrus"": 0.40]","[""Left Inferior Temporal Gyrus"": 0.52][""Left Middle Temporal Gyrus"": 0.35]","[""Left Middle Temporal Gyrus; anterior division"": 0.35][""Left Inferior Temporal Gyrus; anterior division"": 0.30][""Left Temporal Pole"": 0.21][""Left Inferior Temporal Gyrus; posterior division"": 0.11]"
101,102,179, (35.8;-86.8;9.6),"[""None"": 0.93]",Occipital_Mid_R,"[""Right Middle Occipital Gyrus"": 0.75][""Right Inferior Occipital Gyrus"": 0.25]","[""Right Middle Occipital Gyrus"": 0.99]","[""Right Lateral Occipital Cortex; inferior division"": 0.40][""Right Lateral Occipital Cortex; superior division"": 0.39][""Right Occipital Pole"": 0.21]"
102,103,165, (-28.4;-40.0;-30.7),"[""None"": 0.93]",Cerebelum_6_L,"[""Left Cerebellum"": 0.41][""Left Cerebellum"": 0.19][""Left Cerebellum"": 0.15]","[""Left Cerebellar Tonsil"": 0.66][""Left Culmen"": 0.29]","[""None"": 0.69][""Left Temporal Fusiform Cortex; posterior division"": 0.28]"
103,104,178, (-9.2;62.0;14.2),"[""None"": 1.00]",Frontal_Sup_Medial_L,"[""Left Superior Medial Gyrus"": 0.62][""Left Superior Frontal Gyrus"": 0.28]","[""Left Superior Frontal Gyrus"": 0.58][""Left Medial Frontal Gyrus"": 0.42]","[""Left Frontal Pole"": 0.89]"
104,105,275, (18.2;-55.5;3.2),"[""None"": 0.96]",Lingual_R,"[""Right Lingual Gyrus"": 0.64][""Right Calcarine Gyrus"": 0.19]","[""Right Lingual Gyrus"": 0.40][""Right Posterior Cingulate"": 0.19][""Right Culmen"": 0.19][""Right Parahippocampal Gyrus"": 0.12]","[""Right Lingual Gyrus"": 0.62][""Right Precuneous Cortex"": 0.16][""Right Intracalcarine Cortex"": 0.12]"
105,106,205, (28.6;34.6;42.0),"[""None"": 0.92]",Frontal_Mid_R,"[""Right Middle Frontal Gyrus"": 0.80][""Right Superior Frontal Gyrus"": 0.20]","[""Right Middle Frontal Gyrus"": 0.61][""Right Superior Frontal Gyrus"": 0.39]","[""Right Frontal Pole"": 0.47][""Right Middle Frontal Gyrus"": 0.42][""Right Superior Frontal Gyrus"": 0.11]"
106,107,254, (55.1;-28.8;0.1),"[""None"": 0.93]",Temporal_Sup_R,"[""Right Middle Temporal Gyrus"": 0.70][""Right Superior Temporal Gyrus"": 0.26]","[""Right Middle Temporal Gyrus"": 0.67][""Right Superior Temporal Gyrus"": 0.33]","[""Right Superior Temporal Gyrus; posterior division"": 0.52][""Right Middle Temporal Gyrus; posterior division"": 0.34]"
107,108,266, (-6.9;-93.4;1.1),"[""None"": 0.93]",Calcarine_L,"[""Left Calcarine Gyrus"": 0.61][""Left Lingual Gyrus"": 0.20]","[""Left Lingual Gyrus"": 0.51][""Left Cuneus"": 0.41]","[""Left Occipital Pole"": 0.55][""Left Intracalcarine Cortex"": 0.20][""Left Lingual Gyrus"": 0.12]"
108,109,193, (1.4;55.9;-7.2),"[""None"": 0.97]",Frontal_Med_Orb_L,"[""Left Mid Orbital Gyrus"": 0.42][""Right Mid Orbital Gyrus"": 0.41]","[""Right Medial Frontal Gyrus"": 0.42][""Left Medial Frontal Gyrus"": 0.40]","[""Right Frontal Pole"": 0.50][""Left Frontal Pole"": 0.26]"
109,110,212, (30.9;5.8;-19.0),"[""None"": 1.00]",Temporal_Pole_Sup_R,"[""Right Temporal Pole"": 0.44][""Right Amygdala"": 0.18][""Right Insula Lobe"": 0.13][""Right ParaHippocampal Gyrus"": 0.11]","[""Right Superior Temporal Gyrus"": 0.42][""Right Uncus"": 0.18][""Right Inferior Frontal Gyrus"": 0.18][""Right Parahippocampal Gyrus"": 0.16]","[""Right Temporal Pole"": 0.31][""Right Frontal Orbital Cortex"": 0.24][""Right Amygdala"": 0.22][""Right Insular Cortex"": 0.13]"
110,111,296, (2.1;-23.6;68.5),"[""None"": 1.00]",Paracentral_Lobule_L,"[""Left Paracentral Lobule"": 0.37][""Right Paracentral Lobule"": 0.33][""Right SMA"": 0.23]","[""None"": 0.39][""Right Medial Frontal Gyrus"": 0.17][""Left Medial Frontal Gyrus"": 0.16][""Right Paracentral Lobule"": 0.13][""Left Paracentral Lobule"": 0.13]","[""Right Precentral Gyrus"": 0.65][""Left Precentral Gyrus"": 0.28]"
111,112,227, (-28.9;12.1;-16.6),"[""None"": 1.00]",Insula_L,"[""Left Temporal Pole"": 0.38][""Left Inferior Frontal Gyrus (p. Orbitalis)"": 0.35][""Left Insula Lobe"": 0.26]","[""Left Inferior Frontal Gyrus"": 0.48][""Left Superior Temporal Gyrus"": 0.34]","[""Left Frontal Orbital Cortex"": 0.53][""Left Insular Cortex"": 0.23][""Left Temporal Pole"": 0.20]"
112,113,195, (42.9;49.6;-4.4),"[""None"": 0.89]",Frontal_Mid_Orb_R,"[""Right Middle Orbital Gyrus"": 0.62][""Right Inferior Frontal Gyrus (p. Orbitalis)"": 0.29]","[""Right Middle Frontal Gyrus"": 0.81][""Right Inferior Frontal Gyrus"": 0.19]","[""Right Frontal Pole"": 1.00]"
113,114,287, (-25.8;-74.1;41.1),"[""None"": 0.96]",Occipital_Mid_L,"[""Left Middle Occipital Gyrus"": 0.43][""Left Superior Occipital Gyrus"": 0.25][""Left Inferior Parietal Lobule "": 0.17][""Left Superior Parietal Lobule "": 0.15]","[""Left Precuneus"": 0.66][""Left Superior Parietal Lobule"": 0.16][""Left Cuneus"": 0.11]","[""Left Lateral Occipital Cortex; superior division"": 0.96]"
114,115,239, (44.4;0.9;50.0),"[""None"": 1.00]",Precentral_R,"[""RightPrecentral Gyrus"": 0.62][""Right Middle Frontal Gyrus"": 0.37]","[""Right Middle Frontal Gyrus"": 0.58][""Right Precentral Gyrus"": 0.40]","[""Right Precentral Gyrus"": 0.56][""Right Middle Frontal Gyrus"": 0.44]"
115,116,184, (-55.9;-28.7;36.6),"[""None"": 0.97]",SupraMarginal_L,"[""Left SupraMarginal Gyrus"": 0.71][""Left Inferior Parietal Lobule "": 0.21]","[""Left Inferior Parietal Lobule"": 0.60][""Left Postcentral Gyrus"": 0.38]","[""Left Supramarginal Gyrus; anterior division"": 0.70][""Left Postcentral Gyrus"": 0.26]"
116,117,273, (-56.8;-48.2;9.0),"[""None"": 0.90]",Temporal_Mid_L,"[""Left Middle Temporal Gyrus"": 0.89]","[""Left Middle Temporal Gyrus"": 0.58][""Left Superior Temporal Gyrus"": 0.42]","[""Left Middle Temporal Gyrus; temporooccipital part"": 0.44][""Left Superior Temporal Gyrus; posterior division"": 0.20][""Left Supramarginal Gyrus; posterior division"": 0.16][""Left Angular Gyrus"": 0.12]"
117,118,267, (21.1;-59.3;-25.2),"[""None"": 0.89]",Cerebelum_6_R,"[""Right Cerebellum"": 0.60][""Right Cerebellum"": 0.12]","[""Right Culmen"": 0.29][""Right Cerebellar Tonsil"": 0.20][""Right Pyramis"": 0.12][""Right Declive"": 0.11]","[""None"": 0.99]"
118,119,254, (55.8;3.8;5.8),"[""None"": 0.98]",Rolandic_Oper_R,"[""Right Rolandic Operculum"": 0.30][""Right Superior Temporal Gyrus"": 0.24][""Right Inferior Frontal Gyrus (p. Opercularis)"": 0.21][""Right Temporal Pole"": 0.19]","[""Right Superior Temporal Gyrus"": 0.51][""Right Precentral Gyrus"": 0.33]","[""Right Central Opercular Cortex"": 0.30][""Right Precentral Gyrus"": 0.19][""Right Inferior Frontal Gyrus; pars opercularis"": 0.17][""Right Planum Polare"": 0.15]"
119,120,249, (-17.3;-81.3;-30.9),"[""None"": 0.88]",Cerebelum_Crus2_L,"[""Left Cerebellum"": 0.68][""Left Cerebellum"": 0.28]","[""Left Inferior Semi-Lunar Lobule"": 0.34][""Left Pyramis"": 0.31][""Left Uvula"": 0.22]","[""None"": 0.95]"
120,121,210, (-39.7;-12.9;13.3),"[""None"": 0.83]",Rolandic_Oper_L,"[""Left Insula Lobe"": 0.39][""Left Rolandic Operculum"": 0.37][""Left Heschls Gyrus"": 0.20]","[""Left Insula"": 0.80]","[""Left Central Opercular Cortex"": 0.49][""Left Insular Cortex"": 0.39]"
121,122,238, (-27.6;-38.0;-11.4),"[""None"": 0.91]",Fusiform_L,"[""Left Fusiform Gyrus"": 0.53][""Left ParaHippocampal Gyrus"": 0.24][""Left Hippocampus"": 0.12]","[""Left Parahippocampal Gyrus"": 0.39][""Left Culmen"": 0.37][""Left Fusiform Gyrus"": 0.18]","[""Left Temporal Fusiform Cortex; posterior division"": 0.32][""Left Hippocampus"": 0.31][""Left Parahippocampal Gyrus; posterior division"": 0.24]"
122,123,292, (0.4;-15.1;51.8),"[""None"": 0.99]",Supp_Motor_Area_L,"[""Left Middle Cingulate Cortex"": 0.27][""Right Middle Cingulate Cortex"": 0.26][""Left SMA"": 0.22][""Right SMA"": 0.17]","[""Right Medial Frontal Gyrus"": 0.36][""Left Medial Frontal Gyrus"": 0.35][""Right Paracentral Lobule"": 0.12]","[""Right Precentral Gyrus"": 0.27][""Left Precentral Gyrus"": 0.21][""Right Juxtapositional Lobule Cortex (formerly Supplementary Motor Cortex)"": 0.18][""Left Juxtapositional Lobule Cortex (formerly Supplementary Motor Cortex)"": 0.17]"
123,124,67, (28.3;43.8;-13.5),"[""None"": 1.00]",Frontal_Mid_Orb_R,"[""Right Middle Orbital Gyrus"": 0.78][""Right Inferior Frontal Gyrus (p. Orbitalis)"": 0.12]","[""Right Middle Frontal Gyrus"": 0.51][""Right Superior Frontal Gyrus"": 0.49]","[""Right Frontal Pole"": 1.00]"
124,125,203, (-30.6;38.0;33.8),"[""None"": 1.00]",Frontal_Mid_L,"[""Left Middle Frontal Gyrus"": 0.95]","[""Left Middle Frontal Gyrus"": 0.69][""Left Superior Frontal Gyrus"": 0.30]","[""Left Frontal Pole"": 0.58][""Left Middle Frontal Gyrus"": 0.41]"
125,126,228, (35.7;-73.0;-30.6),"[""None"": 0.91]",Cerebelum_Crus1_R,"[""Right Cerebellum"": 0.61][""Right Cerebellum"": 0.35]","[""Right Inferior Semi-Lunar Lobule"": 0.43][""Right Tuber"": 0.26][""Right Pyramis"": 0.15]","[""None"": 0.99]"
126,127,205, (31.0;18.0;52.7),"[""None"": 1.00]",Frontal_Mid_R,"[""Right Middle Frontal Gyrus"": 0.76][""Right Superior Frontal Gyrus"": 0.24]","[""Right Superior Frontal Gyrus"": 0.61][""Right Middle Frontal Gyrus"": 0.34]","[""Right Middle Frontal Gyrus"": 0.70][""Right Superior Frontal Gyrus"": 0.30]"
127,128,282, (61.2;-31.4;26.6),"[""None"": 0.97]",SupraMarginal_R,"[""Right Superior Temporal Gyrus"": 0.51][""Right SupraMarginal Gyrus"": 0.46]","[""Right Inferior Parietal Lobule"": 0.68][""Right Postcentral Gyrus"": 0.17][""Right Superior Temporal Gyrus"": 0.13]","[""Right Supramarginal Gyrus; posterior division"": 0.33][""Right Supramarginal Gyrus; anterior division"": 0.30][""Right Parietal Operculum Cortex"": 0.23]"
128,129,247, (-45.0;-0.7;-14.6),"[""None"": 1.00]",Temporal_Sup_L,"[""Left Superior Temporal Gyrus"": 0.28][""Left Middle Temporal Gyrus"": 0.28][""Left Temporal Pole"": 0.23]","[""Left Middle Temporal Gyrus"": 0.43][""Left Superior Temporal Gyrus"": 0.33][""Left Parahippocampal Gyrus"": 0.11]","[""Left Temporal Pole"": 0.26][""Left Planum Polare"": 0.24][""Left Superior Temporal Gyrus; anterior division"": 0.17]"
129,130,177, (0.7;-3.4;-8.7),"[""None"": 1.00]",None,"[""None"": 0.65]","[""None"": 0.56][""Left Subcallosal Gyrus"": 0.12]","[""None"": 0.69]"
130,131,188, (-25.5;-92.9;12.0),"[""None"": 0.93]",Occipital_Mid_L,"[""Left Middle Occipital Gyrus"": 0.96]","[""Left Middle Occipital Gyrus"": 0.66][""Left Cuneus"": 0.34]","[""Left Occipital Pole"": 0.63][""Left Lateral Occipital Cortex; superior division"": 0.34]"
131,132,206, (29.9;-67.5;47.3),"[""None"": 0.93]",Parietal_Sup_R,"[""Right Superior Occipital Gyrus"": 0.46][""Right Angular Gyrus"": 0.29][""Right Superior Parietal Lobule "": 0.16]","[""Right Superior Parietal Lobule"": 0.50][""Right Precuneus"": 0.40]","[""Right Lateral Occipital Cortex; superior division"": 0.99]"
132,133,206, (-9.1;46.4;40.6),"[""None"": 0.99]",Frontal_Sup_Medial_L,"[""Left Superior Medial Gyrus"": 0.62][""Left Superior Frontal Gyrus"": 0.36]","[""Left Superior Frontal Gyrus"": 0.64][""Left Medial Frontal Gyrus"": 0.29]","[""Left Frontal Pole"": 0.65][""Left Superior Frontal Gyrus"": 0.24]"
133,134,178, (24.6;-13.5;67.0),"[""None"": 1.00]",Frontal_Sup_R,"[""RightPrecentral Gyrus"": 0.58][""Right Superior Frontal Gyrus"": 0.34]","[""Right Precentral Gyrus"": 0.46][""None"": 0.21][""Right Superior Frontal Gyrus"": 0.19][""Right Middle Frontal Gyrus"": 0.13]","[""Right Precentral Gyrus"": 0.75][""Right Superior Frontal Gyrus"": 0.23]"
134,135,143, (15.3;14.6;7.0),"[""None"": 0.95]",Caudate_R,"[""Right Caudate Nucleus"": 0.86][""Right Putamen"": 0.11]","[""Right Caudate"": 0.78][""Right Lentiform Nucleus"": 0.22]","[""Right Caudate"": 0.85][""Right Putamen"": 0.12]"
135,136,247, (-14.0;-66.3;55.9),"[""None"": 1.00]",Parietal_Sup_L,"[""Left Superior Parietal Lobule "": 0.56][""Left Precuneus"": 0.44]","[""Left Precuneus"": 0.57][""Left Superior Parietal Lobule"": 0.28][""None"": 0.15]","[""Left Lateral Occipital Cortex; superior division"": 0.67][""Left Precuneous Cortex"": 0.29]"
136,137,237, (40.7;-11.3;-3.9),"[""None"": 0.91]",Insula_R,"[""Right Insula Lobe"": 0.34][""Right Superior Temporal Gyrus"": 0.21][""Right Hippocampus"": 0.18][""Right Putamen"": 0.13]","[""Right Insula"": 0.41][""None"": 0.18][""Right Superior Temporal Gyrus"": 0.16]","[""Right Insular Cortex"": 0.44][""Right Planum Polare"": 0.32]"
137,138,314, (22.5;-69.6;-11.3),"[""None"": 0.92]",Lingual_R,"[""Right Cerebellum"": 0.52][""Right Fusiform Gyrus"": 0.25][""Right Lingual Gyrus"": 0.18]","[""Right Declive"": 0.57][""Right Lingual Gyrus"": 0.19][""Right Fusiform Gyrus"": 0.11]","[""Right Occipital Fusiform Gyrus"": 0.47][""Right Lingual Gyrus"": 0.35][""None"": 0.12]"
138,139,202, (10.7;63.0;10.0),"[""None"": 0.91]",Frontal_Sup_Medial_R,"[""Right Superior Medial Gyrus"": 0.55][""Right Superior Frontal Gyrus"": 0.22][""Right Mid Orbital Gyrus"": 0.13]","[""Right Medial Frontal Gyrus"": 0.50][""Right Superior Frontal Gyrus"": 0.45]","[""Right Frontal Pole"": 0.99]"
139,140,201, (55.1;-3.6;-25.4),"[""None"": 1.00]",Temporal_Mid_R,"[""Right Middle Temporal Gyrus"": 0.47][""Right Inferior Temporal Gyrus"": 0.45]","[""Right Inferior Temporal Gyrus"": 0.37][""Right Middle Temporal Gyrus"": 0.36][""Right Fusiform Gyrus"": 0.19]","[""Right Middle Temporal Gyrus; anterior division"": 0.60][""Right Middle Temporal Gyrus; posterior division"": 0.12][""Right Inferior Temporal Gyrus; anterior division"": 0.12]"
140,141,214, (-49.2;22.9;9.3),"[""None"": 0.95]",Frontal_Inf_Tri_L,"[""Left Inferior Frontal Gyrus (p. Triangularis)"": 0.98]","[""Left Inferior Frontal Gyrus"": 0.95]","[""Left Inferior Frontal Gyrus; pars triangularis"": 0.47][""Left Inferior Frontal Gyrus; pars opercularis"": 0.40][""Left Frontal Operculum Cortex"": 0.13]"
141,142,187, (17.8;-89.5;22.7),"[""None"": 1.00]",Occipital_Sup_R,"[""Right Cuneus"": 0.40][""Right Superior Occipital Gyrus"": 0.37][""Right Middle Occipital Gyrus"": 0.12]","[""Right Cuneus"": 0.83][""Right Middle Occipital Gyrus"": 0.17]","[""Right Occipital Pole"": 0.66][""Right Lateral Occipital Cortex; superior division"": 0.24]"
142,143,252, (53.5;-61.8;1.0),"[""None"": 0.94]",Temporal_Mid_R,"[""Right Inferior Temporal Gyrus"": 0.59][""Right Middle Temporal Gyrus"": 0.35]","[""Right Middle Temporal Gyrus"": 0.48][""Right Inferior Temporal Gyrus"": 0.26][""Right Middle Occipital Gyrus"": 0.19]","[""Right Lateral Occipital Cortex; inferior division"": 0.59][""Right Middle Temporal Gyrus; temporooccipital part"": 0.33]"
143,144,174, (52.1;28.0;4.9),"[""None"": 0.90]",Frontal_Inf_Tri_R,"[""Right Inferior Frontal Gyrus (p. Triangularis)"": 0.54][""Right Inferior Frontal Gyrus (p. Orbitalis)"": 0.46]","[""Right Inferior Frontal Gyrus"": 0.99]","[""Right Inferior Frontal Gyrus; pars triangularis"": 0.67][""Right Frontal Pole"": 0.18]"
144,145,176, (-31.9;-21.1;-18.8),"[""None"": 1.00]",Hippocampus_L,"[""Left Fusiform Gyrus"": 0.34][""Left Hippocampus"": 0.28][""Left Inferior Temporal Gyrus"": 0.26][""Left ParaHippocampal Gyrus"": 0.13]","[""Left Parahippocampal Gyrus"": 0.77][""Left Fusiform Gyrus"": 0.15]","[""Left Hippocampus"": 0.59][""Left Temporal Fusiform Cortex; posterior division"": 0.27]"
145,146,230, (-56.0;-10.9;5.6),"[""None"": 0.95]",Temporal_Sup_L,"[""Left Superior Temporal Gyrus"": 0.60][""Left Middle Temporal Gyrus"": 0.19][""Left Rolandic Operculum"": 0.17]","[""Left Superior Temporal Gyrus"": 0.64][""Left Precentral Gyrus"": 0.14]","[""Left Central Opercular Cortex"": 0.33][""Left Superior Temporal Gyrus; posterior division"": 0.16][""Left Superior Temporal Gyrus; anterior division"": 0.13]"
146,147,213, (-7.6;-74.8;41.1),"[""None"": 0.80]",Precuneus_L,"[""Left Cuneus"": 0.44][""Left Precuneus"": 0.35][""Left Superior Occipital Gyrus"": 0.15]","[""Left Precuneus"": 0.69][""Left Cuneus"": 0.29]","[""Left Precuneous Cortex"": 0.59][""Left Lateral Occipital Cortex; superior division"": 0.16][""Right Precuneous Cortex"": 0.13]"
147,148,172, (1.7;-4.4;5.3),"[""None"": 0.99]",None,"[""None"": 0.40][""Right Thalamus"": 0.20][""Left Thalamus"": 0.15]","[""Right Thalamus"": 0.30][""None"": 0.23][""Left Thalamus"": 0.19][""Right Caudate"": 0.11]","[""Right Thalamus"": 0.45][""Left Thalamus"": 0.40]"
148,149,261, (-0.2;31.1;45.5),"[""None"": 0.93]",Frontal_Sup_Medial_L,"[""Left Superior Medial Gyrus"": 0.57][""Right Superior Medial Gyrus"": 0.29][""Right Middle Cingulate Cortex"": 0.12]","[""Left Superior Frontal Gyrus"": 0.30][""Left Medial Frontal Gyrus"": 0.24][""Right Superior Frontal Gyrus"": 0.21][""Right Medial Frontal Gyrus"": 0.18]","[""Right Superior Frontal Gyrus"": 0.30][""Right Paracingulate Gyrus"": 0.28][""Left Superior Frontal Gyrus"": 0.23][""Left Paracingulate Gyrus"": 0.18]"
149,150,207, (-46.1;-72.1;12.1),"[""None"": 0.98]",Occipital_Mid_L,"[""Left Middle Occipital Gyrus"": 0.49][""Left Middle Temporal Gyrus"": 0.41]","[""Left Middle Temporal Gyrus"": 0.61][""Left Middle Occipital Gyrus"": 0.33]","[""Left Lateral Occipital Cortex; inferior division"": 0.74][""Left Lateral Occipital Cortex; superior division"": 0.24]"
150,151,196, (-44.0;26.5;26.6),"[""None"": 0.90]",Frontal_Inf_Tri_L,"[""Left Inferior Frontal Gyrus (p. Triangularis)"": 0.81][""Left Middle Frontal Gyrus"": 0.18]","[""Left Middle Frontal Gyrus"": 0.87][""Left Inferior Frontal Gyrus"": 0.12]","[""Left Middle Frontal Gyrus"": 0.70][""Left Inferior Frontal Gyrus; pars opercularis"": 0.15][""Left Inferior Frontal Gyrus; pars triangularis"": 0.12]"
151,152,369, (1.7;-56.9;-12.7),"[""None"": 0.92]",Vermis_4_5,"[""Cerebellar Vermis"": 0.32][""Cerebellar Vermis"": 0.19][""Left Cerebellum"": 0.14][""Left Cerebellum"": 0.12]","[""Right Culmen"": 0.33][""Right Declive"": 0.18][""Left Declive"": 0.11][""Left Culmen"": 0.11]","[""None"": 0.82][""Right Lingual Gyrus"": 0.13]"
152,153,204, (58.4;-7.8;-7.8),"[""None"": 0.93]",Temporal_Sup_R,"[""Right Middle Temporal Gyrus"": 0.57][""Right Superior Temporal Gyrus"": 0.35]","[""Right Middle Temporal Gyrus"": 0.76][""Right Superior Temporal Gyrus"": 0.19]","[""Right Superior Temporal Gyrus; anterior division"": 0.33][""Right Superior Temporal Gyrus; posterior division"": 0.31][""Right Middle Temporal Gyrus; posterior division"": 0.17]"
153,154,193, (-51.2;-14.1;40.4),"[""None"": 0.83]",Postcentral_L,"[""Left Postcentral Gyrus"": 0.78]","[""Left Precentral Gyrus"": 0.67][""Left Postcentral Gyrus"": 0.33]","[""Left Postcentral Gyrus"": 0.62][""Left Precentral Gyrus"": 0.38]"
154,155,262, (21.3;-11.9;-16.4),"[""None"": 1.00]",Hippocampus_R,"[""Right ParaHippocampal Gyrus"": 0.44][""Right Hippocampus"": 0.31][""None"": 0.13][""Right Amygdala"": 0.11]","[""Right Parahippocampal Gyrus"": 0.76][""Right Uncus"": 0.12]","[""Right Hippocampus"": 0.43][""Right Amygdala"": 0.31][""Right Parahippocampal Gyrus; anterior division"": 0.18]"
155,156,234, (-33.9;-53.8;49.5),"[""None"": 0.87]",Parietal_Inf_L,"[""Left Inferior Parietal Lobule "": 0.75][""Left Angular Gyrus"": 0.15]","[""Left Inferior Parietal Lobule"": 0.45][""Left Superior Parietal Lobule"": 0.34]","[""Left Superior Parietal Lobule"": 0.56][""Left Lateral Occipital Cortex; superior division"": 0.21][""Left Angular Gyrus"": 0.12]"
156,157,224, (54.2;-11.9;39.3),"[""None"": 0.89]",Postcentral_R,"[""Right Postcentral Gyrus"": 0.69][""RightPrecentral Gyrus"": 0.24]","[""Right Precentral Gyrus"": 0.70][""Right Postcentral Gyrus"": 0.29]","[""Right Postcentral Gyrus"": 0.61][""Right Precentral Gyrus"": 0.38]"
157,158,236, (-21.1;-91.8;-12.1),"[""None"": 1.00]",Occipital_Inf_L,"[""Left Lingual Gyrus"": 0.47][""Left Inferior Occipital Gyrus"": 0.20][""Left Cerebellum"": 0.20]","[""Left Lingual Gyrus"": 0.30][""Left Inferior Occipital Gyrus"": 0.25][""Left Fusiform Gyrus"": 0.20]","[""Left Occipital Pole"": 0.48][""Left Occipital Fusiform Gyrus"": 0.36]"
158,159,235, (-35.8;-78.1;-14.9),"[""None"": 0.99]",Occipital_Inf_L,"[""Left Cerebellum"": 0.42][""Left Inferior Occipital Gyrus"": 0.27][""Left Fusiform Gyrus"": 0.25]","[""Left Declive"": 0.34][""Left Fusiform Gyrus"": 0.23][""Left Tuber"": 0.12][""Left Uvula"": 0.11]","[""Left Occipital Fusiform Gyrus"": 0.41][""Left Lateral Occipital Cortex; inferior division"": 0.35][""None"": 0.24]"
159,160,157, (0.1;20.4;-8.0),"[""None"": 1.00]",Olfactory_L,"[""Left Olfactory cortex"": 0.21][""Left Rectal Gyrus"": 0.21][""Right Olfactory cortex"": 0.15][""Right Mid Orbital Gyrus"": 0.15]","[""Right Anterior Cingulate"": 0.25][""Left Subcallosal Gyrus"": 0.22][""Left Anterior Cingulate"": 0.18][""Right Subcallosal Gyrus"": 0.17]","[""Right Subcallosal Cortex"": 0.57][""Left Subcallosal Cortex"": 0.35]"
160,161,215, (10.6;1.3;65.9),"[""None"": 1.00]",Supp_Motor_Area_R,"[""Right SMA"": 0.79][""Right Superior Frontal Gyrus"": 0.21]","[""Right Superior Frontal Gyrus"": 0.55][""Right Medial Frontal Gyrus"": 0.25][""None"": 0.15]","[""Right Juxtapositional Lobule Cortex (formerly Supplementary Motor Cortex)"": 0.51][""Right Superior Frontal Gyrus"": 0.49]"
161,162,229, (-9.2;-44.0;-24.1),"[""None"": 1.00]",Cerebelum_4_5_L,"[""Left Cerebellum"": 0.42][""None"": 0.17][""Left Cerebellum"": 0.15][""Cerebellar Vermis"": 0.11]","[""Left Culmen"": 0.43][""None"": 0.22][""Left Nodule"": 0.15][""Left Cerebellar Tonsil"": 0.11]","[""None"": 0.97]"
162,163,266, (10.3;-63.5;56.2),"[""None"": 1.00]",Precuneus_R,"[""Right Precuneus"": 0.72][""Right Superior Parietal Lobule "": 0.23]","[""Right Precuneus"": 0.68][""Right Superior Parietal Lobule"": 0.17][""None"": 0.11]","[""Right Precuneous Cortex"": 0.62][""Right Lateral Occipital Cortex; superior division"": 0.35]"
163,164,248, (51.9;21.0;21.1),"[""None"": 0.92]",Frontal_Inf_Tri_R,"[""Right Inferior Frontal Gyrus (p. Triangularis)"": 0.67][""Right Inferior Frontal Gyrus (p. Opercularis)"": 0.28]","[""Right Inferior Frontal Gyrus"": 0.55][""Right Middle Frontal Gyrus"": 0.42]","[""Right Inferior Frontal Gyrus; pars opercularis"": 0.47][""Right Middle Frontal Gyrus"": 0.27][""Right Inferior Frontal Gyrus; pars triangularis"": 0.19]"
164,165,167, (-54.1;7.2;18.2),"[""None"": 0.86][""vFC"": 0.11]",Frontal_Inf_Oper_L,"[""Left Inferior Frontal Gyrus (p. Opercularis)"": 0.73][""Left Precentral Gyrus"": 0.11]","[""Left Inferior Frontal Gyrus"": 0.57][""Left Precentral Gyrus"": 0.41]","[""Left Precentral Gyrus"": 0.63][""Left Inferior Frontal Gyrus; pars opercularis"": 0.37]"
165,166,252, (44.9;-65.5;39.3),"[""None"": 0.91]",Angular_R,"[""Right Angular Gyrus"": 0.66][""Right Middle Occipital Gyrus"": 0.28]","[""Right Angular Gyrus"": 0.32][""Right Inferior Parietal Lobule"": 0.31][""Right Precuneus"": 0.19][""Right Middle Temporal Gyrus"": 0.11]","[""Right Lateral Occipital Cortex; superior division"": 0.91]"
166,167,212, (-25.3;52.0;22.9),"[""None"": 0.91]",Frontal_Mid_L,"[""Left Middle Frontal Gyrus"": 0.59][""Left Superior Frontal Gyrus"": 0.41]","[""Left Superior Frontal Gyrus"": 0.71][""Left Middle Frontal Gyrus"": 0.29]","[""Left Frontal Pole"": 1.00]"
167,168,203, (32.9;44.6;28.1),"[""None"": 0.85]",Frontal_Mid_R,"[""Right Middle Frontal Gyrus"": 0.95]","[""Right Superior Frontal Gyrus"": 0.58][""Right Middle Frontal Gyrus"": 0.42]","[""Right Frontal Pole"": 0.97]"
168,169,119, (-40.9;48.7;-3.4),"[""None"": 0.87][""vent aPFC"": 0.13]",Frontal_Mid_Orb_L,"[""Left Middle Orbital Gyrus"": 0.57][""Left Inferior Frontal Gyrus (p. Orbitalis)"": 0.25]","[""Left Middle Frontal Gyrus"": 0.76][""Left Inferior Frontal Gyrus"": 0.23]","[""Left Frontal Pole"": 1.00]"
169,170,222, (33.3;-78.1;31.1),"[""None"": 0.90]",Occipital_Mid_R,"[""Right Middle Occipital Gyrus"": 0.69][""Right Superior Occipital Gyrus"": 0.31]","[""Right Precuneus"": 0.29][""Right Cuneus"": 0.25][""Right Superior Occipital Gyrus"": 0.23][""Right Middle Temporal Gyrus"": 0.15]","[""Right Lateral Occipital Cortex; superior division"": 1.00]"
170,171,220, (-42.5;-38.0;47.8),"[""None"": 0.82]",Parietal_Inf_L,"[""Left Inferior Parietal Lobule "": 0.81][""Left Postcentral Gyrus"": 0.11]","[""Left Inferior Parietal Lobule"": 0.68][""Left Postcentral Gyrus"": 0.18]","[""Left Postcentral Gyrus"": 0.35][""Left Supramarginal Gyrus; anterior division"": 0.29][""Left Superior Parietal Lobule"": 0.22][""Left Supramarginal Gyrus; posterior division"": 0.12]"
171,172,254, (28.1;-49.1;-13.0),"[""None"": 0.97]",Fusiform_R,"[""Right Fusiform Gyrus"": 0.48][""Right Cerebellum"": 0.26][""Right Cerebellum"": 0.21]","[""Right Culmen"": 0.53][""Right Fusiform Gyrus"": 0.19][""Right Declive"": 0.17][""Right Parahippocampal Gyrus"": 0.11]","[""Right Temporal Occipital Fusiform Cortex"": 0.57][""Right Lingual Gyrus"": 0.33]"
172,173,182, (-8.6;19.9;60.4),"[""None"": 0.99]",Supp_Motor_Area_L,"[""Left SMA"": 0.52][""Left Superior Frontal Gyrus"": 0.30][""Left Superior Medial Gyrus"": 0.18]","[""Left Superior Frontal Gyrus"": 0.88]","[""Left Superior Frontal Gyrus"": 0.89]"
173,174,350, (-0.7;-55.1;38.3),"[""None"": 0.91]",Precuneus_L,"[""Left Precuneus"": 0.53][""Right Precuneus"": 0.36]","[""Right Precuneus"": 0.41][""Left Precuneus"": 0.39]","[""Right Precuneous Cortex"": 0.43][""Left Precuneous Cortex"": 0.33][""Left Cingulate Gyrus; posterior division"": 0.13]"
174,175,190, (30.8;-87.5;-10.9),"[""None"": 0.96]",Occipital_Inf_R,"[""Right Inferior Occipital Gyrus"": 0.42][""Right Lingual Gyrus"": 0.24][""Right Cerebellum"": 0.23]","[""Right Inferior Occipital Gyrus"": 0.45][""Right Fusiform Gyrus"": 0.21][""Right Declive"": 0.15]","[""Right Occipital Fusiform Gyrus"": 0.39][""Right Lateral Occipital Cortex; inferior division"": 0.28][""Right Occipital Pole"": 0.22]"
175,176,219, (1.1;-63.2;-33.4),"[""None"": 0.98]",Vermis_8,"[""Cerebellar Vermis"": 0.32][""Left Cerebellum"": 0.26][""Cerebellar Vermis"": 0.19]","[""Right Inferior Semi-Lunar Lobule"": 0.25][""Left Inferior Semi-Lunar Lobule"": 0.22][""Right Cerebellar Tonsil"": 0.13][""Right Uvula"": 0.13]","[""None"": 1.00]"
176,177,277, (-14.3;-74.2;-10.1),"[""None"": 0.94]",Lingual_L,"[""Left Cerebellum"": 0.41][""Left Lingual Gyrus"": 0.39][""Left Cerebellum"": 0.11]","[""Left Declive"": 0.51][""Left Lingual Gyrus"": 0.31]","[""Left Lingual Gyrus"": 0.59][""Left Occipital Fusiform Gyrus"": 0.31]"
177,178,251, (27.2;0.8;-0.1),"[""None"": 0.94]",Putamen_R,"[""Right Putamen"": 0.64][""Right Amygdala"": 0.14][""Right Pallidum"": 0.13]","[""Right Lentiform Nucleus"": 0.74]","[""Right Putamen"": 0.76]"
178,179,258, (-13.3;-52.9;-0.7),"[""None"": 0.91]",Lingual_L,"[""Left Lingual Gyrus"": 0.60][""Left Cerebellum"": 0.23]","[""Left Culmen"": 0.44][""Left Lingual Gyrus"": 0.28][""Left Parahippocampal Gyrus"": 0.12]","[""Left Lingual Gyrus"": 0.69][""Left Cingulate Gyrus; posterior division"": 0.13][""Left Precuneous Cortex"": 0.13]"
179,180,224, (56.0;-29.6;43.9),"[""None"": 0.99]",SupraMarginal_R,"[""Right SupraMarginal Gyrus"": 0.79][""Right Inferior Parietal Lobule "": 0.13]","[""Right Postcentral Gyrus"": 0.58][""Right Inferior Parietal Lobule"": 0.38]","[""Right Supramarginal Gyrus; anterior division"": 0.68][""Right Supramarginal Gyrus; posterior division"": 0.20][""Right Postcentral Gyrus"": 0.13]"
180,181,136, (45.7;13.3;-22.7),"[""None"": 1.00]",Temporal_Pole_Sup_R,"[""Right Temporal Pole"": 0.57][""Right Medial Temporal Pole"": 0.43]","[""Right Superior Temporal Gyrus"": 0.81][""Right Middle Temporal Gyrus"": 0.18]","[""Right Temporal Pole"": 0.99]"
181,182,220, (-8.1;0.5;65.9),"[""None"": 1.00]",Supp_Motor_Area_L,"[""Left SMA"": 0.77][""Left Superior Frontal Gyrus"": 0.22]","[""Left Superior Frontal Gyrus"": 0.46][""Left Medial Frontal Gyrus"": 0.30][""None"": 0.17]","[""Left Superior Frontal Gyrus"": 0.46][""Left Juxtapositional Lobule Cortex (formerly Supplementary Motor Cortex)"": 0.40][""Right Juxtapositional Lobule Cortex (formerly Supplementary Motor Cortex)"": 0.14]"
182,183,164, (-27.8;56.9;4.7),"[""None"": 0.88][""aPFC"": 0.12]",Frontal_Mid_L,"[""Left Middle Frontal Gyrus"": 0.37][""Left Superior Orbital Gyrus"": 0.23][""Left Middle Orbital Gyrus"": 0.21][""Left Superior Frontal Gyrus"": 0.18]","[""Left Middle Frontal Gyrus"": 0.51][""Left Superior Frontal Gyrus"": 0.48]","[""Left Frontal Pole"": 1.00]"
183,184,206, (-46.7;5.0;2.8),"[""None"": 0.88]",Insula_L,"[""Left Insula Lobe"": 0.31][""Left Temporal Pole"": 0.25][""Left Inferior Frontal Gyrus (p. Opercularis)"": 0.19][""Left Rolandic Operculum"": 0.12]","[""Left Insula"": 0.46][""Left Superior Temporal Gyrus"": 0.40][""Left Precentral Gyrus"": 0.12]","[""Left Central Opercular Cortex"": 0.33][""Left Insular Cortex"": 0.26][""Left Precentral Gyrus"": 0.16]"
184,185,222, (44.5;-24.8;16.1),"[""None"": 0.91]",Rolandic_Oper_R,"[""Right Superior Temporal Gyrus"": 0.47][""Right Rolandic Operculum"": 0.18][""Right Heschls Gyrus"": 0.18][""Right Insula Lobe"": 0.14]","[""Right Insula"": 0.50][""Right Superior Temporal Gyrus"": 0.22][""Right Transverse Temporal Gyrus"": 0.18]","[""Right Parietal Operculum Cortex"": 0.31][""Right Planum Temporale"": 0.29][""Right Heschl's Gyrus (includes H1 and H2)"": 0.16][""Right Central Opercular Cortex"": 0.12][""Right Insular Cortex"": 0.11]"
185,186,198, (12.1;43.1;45.4),"[""None"": 0.99]",Frontal_Sup_Medial_R,"[""Right Superior Medial Gyrus"": 0.58][""Right Superior Frontal Gyrus"": 0.42]","[""Right Superior Frontal Gyrus"": 0.77][""Right Medial Frontal Gyrus"": 0.15]","[""Right Frontal Pole"": 0.62][""Right Superior Frontal Gyrus"": 0.38]"
186,187,198, (13.5;21.7;59.8),"[""None"": 0.99]",Frontal_Sup_R,"[""Right Superior Frontal Gyrus"": 0.50][""Right SMA"": 0.30][""Right Superior Medial Gyrus"": 0.20]","[""Right Superior Frontal Gyrus"": 0.86]","[""Right Superior Frontal Gyrus"": 0.99]"
187,188,192, (-18.6;-52.6;65.2),"[""None"": 1.00]",Parietal_Sup_L,"[""Left Superior Parietal Lobule "": 0.66][""Left Precuneus"": 0.30]","[""Left Superior Parietal Lobule"": 0.47][""Left Postcentral Gyrus"": 0.24][""None"": 0.18]","[""Left Superior Parietal Lobule"": 0.65][""Left Precuneous Cortex"": 0.14][""Left Postcentral Gyrus"": 0.13]"
188,189,252, (-27.6;-58.3;-13.6),"[""None"": 0.87]",Fusiform_L,"[""Left Fusiform Gyrus"": 0.54][""Left Cerebellum"": 0.38]","[""Left Declive"": 0.47][""Left Culmen"": 0.29][""Left Fusiform Gyrus"": 0.13]","[""Left Temporal Occipital Fusiform Cortex"": 0.52][""Left Occipital Fusiform Gyrus"": 0.19][""Left Lingual Gyrus"": 0.16][""None"": 0.12]"
189,190,234, (16.0;-34.5;-21.4),"[""None"": 1.00]",Cerebelum_3_R,"[""Right Cerebellum"": 0.45][""Right Cerebellum"": 0.22][""None"": 0.20]","[""Right Culmen"": 0.66][""None"": 0.24]","[""None"": 0.62][""Right Parahippocampal Gyrus; posterior division"": 0.28]"
190,191,210, (-21.3;30.0;47.3),"[""None"": 0.92]",Frontal_Sup_L,"[""Left Superior Frontal Gyrus"": 0.55][""Left Middle Frontal Gyrus"": 0.45]","[""Left Superior Frontal Gyrus"": 0.67][""Left Middle Frontal Gyrus"": 0.33]","[""Left Superior Frontal Gyrus"": 0.65][""Left Middle Frontal Gyrus"": 0.25]"
191,192,245, (-0.7;-77.8;-23.2),"[""None"": 0.89]",Cerebelum_Crus2_L,"[""Left Cerebellum"": 0.31][""Cerebellar Vermis"": 0.30][""Left Cerebellum"": 0.18]","[""Left Pyramis"": 0.22][""Right Pyramis"": 0.17][""Right Declive"": 0.12][""None"": 0.11][""Left Declive"": 0.11]","[""None"": 0.87]"
192,193,145, (15.0;56.3;29.4),"[""None"": 0.99]",Frontal_Sup_R,"[""Right Superior Frontal Gyrus"": 0.49][""Right Superior Medial Gyrus"": 0.42]","[""Right Superior Frontal Gyrus"": 0.96]","[""Right Frontal Pole"": 0.93]"
193,194,199, (1.0;-30.8;-17.5),"[""None"": 1.00]",None,"[""None"": 0.59][""Cerebellar Vermis"": 0.15][""Cerebellar Vermis"": 0.15]","[""None"": 0.77][""Right Culmen"": 0.14]","[""None"": 1.00]"
194,195,249, (9.0;-86.9;-12.3),"[""None"": 0.98]",Lingual_R,"[""Right Lingual Gyrus"": 0.23][""Right Cerebellum"": 0.18][""Left Calcarine Gyrus"": 0.16][""None"": 0.11]","[""Right Lingual Gyrus"": 0.53][""Right Declive"": 0.19]","[""Right Lingual Gyrus"": 0.46][""None"": 0.18][""Right Occipital Fusiform Gyrus"": 0.17][""Right Occipital Pole"": 0.12]"
195,196,189, (-46.4;13.8;-11.2),"[""None"": 1.00]",Temporal_Pole_Sup_L,"[""Left Temporal Pole"": 0.69][""Left Inferior Frontal Gyrus (p. Orbitalis)"": 0.26]","[""Left Superior Temporal Gyrus"": 0.65][""Left Inferior Frontal Gyrus"": 0.30]","[""Left Temporal Pole"": 0.59][""Left Frontal Orbital Cortex"": 0.24]"
196,197,125, (-3.9;-53.1;57.4),"[""None"": 1.00]",Precuneus_L,"[""Left Precuneus"": 0.92]","[""Left Precuneus"": 0.74][""Right Precuneus"": 0.15]","[""Left Precuneous Cortex"": 0.66][""Right Precuneous Cortex"": 0.33]"
197,198,157, (30.8;-1.4;-36.2),"[""None"": 1.00]",Fusiform_R,"[""Right Fusiform Gyrus"": 0.38][""Right Inferior Temporal Gyrus"": 0.22][""Right Medial Temporal Pole"": 0.17][""Right ParaHippocampal Gyrus"": 0.13]","[""Right Uncus"": 0.47][""Right Inferior Temporal Gyrus"": 0.15][""Right Superior Temporal Gyrus"": 0.15][""Right Middle Temporal Gyrus"": 0.13]","[""Right Temporal Fusiform Cortex; anterior division"": 0.34][""Right Parahippocampal Gyrus; anterior division"": 0.29][""Right Temporal Pole"": 0.23]"
198,199,173, (-15.0;-30.8;-18.3),"[""None"": 1.00]",ParaHippocampal_L,"[""Left Cerebellum"": 0.49][""Left ParaHippocampal Gyrus"": 0.31][""Left Cerebellum"": 0.12]","[""Left Culmen"": 0.72][""None"": 0.14][""Left Parahippocampal Gyrus"": 0.14]","[""Left Parahippocampal Gyrus; posterior division"": 0.54][""None"": 0.33]"
199,200,211, (-41.9;-31.5;15.2),"[""None"": 0.88]",Temporal_Sup_L,"[""Left Superior Temporal Gyrus"": 0.62][""Left Rolandic Operculum"": 0.14][""Left Heschls Gyrus"": 0.14]","[""Left Superior Temporal Gyrus"": 0.46][""Left Insula"": 0.27][""Left Transverse Temporal Gyrus"": 0.20]","[""Left Parietal Operculum Cortex"": 0.35][""Left Planum Temporale"": 0.33][""Left Heschl's Gyrus (includes H1 and H2)"": 0.22]"
